lon,lat,depth_m,sigma68_m,sigma95_m,kind,gated
-94.24983,58.91796,-28.2,5.0,8.9,channel,False
-94.16747,59.00086,-31.6,5.1,8.9,channel,False
-94.16747,59.08357,-36.6,5.1,9.9,channel,False
-94.16747,59.16749,-42.9,5.1,8.9,channel,False
-94.08374,59.2505,-55.8,5.1,8.9,channel,False
-94.16747,59.33331,-54.1,5.3,10.7,channel,False
-94.16747,59.41731,-61.6,5.6,11.4,channel,False
-94.16747,59.50041,-66.5,5.1,8.9,channel,False
-94.16747,59.66739,-66.9,5.1,8.9,channel,False
-94.16747,59.74987,-64.6,5.1,9.1,channel,False
-94.16747,59.83284,-74.6,5.1,8.9,channel,False
-94.16747,59.91699,-77.7,5.8,11.9,channel,False
-94.16747,60.00023,-81.6,5.1,9.6,channel,False
-94.16747,60.08326,-78.2,5.1,9.1,channel,False
-94.16747,60.16746,-67.1,5.1,8.9,channel,False
-94.08374,60.25075,-71.4,5.1,8.9,channel,False
-94.0,60.33384,-70.1,5.3,10.9,channel,False
-93.91765,60.41739,-64.3,6.9,13.5,channel,False
-93.66782,60.50073,-85.9,8.2,16.9,channel,False
-93.58409,60.50073,-91.9,5.5,11.4,channel,False
-93.50035,60.58318,-100.2,5.1,9.9,channel,False
-93.41799,60.58318,-105.1,5.1,8.9,channel,False
-93.33426,60.66744,-101.8,5.1,9.9,channel,False
-93.25053,60.75014,-95.9,5.1,9.6,channel,False
-93.16817,60.75014,-101.8,5.1,9.9,channel,False
-93.08444,60.75014,-109.0,5.1,8.9,channel,False
-93.0007,60.83329,-98.5,5.1,8.9,channel,False
-92.41869,61.08345,-104.4,5.1,9.0,channel,False
-92.33359,61.16707,-109.3,5.1,9.9,channel,False
-92.33359,61.2498,-106.4,5.1,8.9,channel,False
-92.25123,61.33297,-113.1,5.1,9.6,channel,False
-92.16887,61.41724,-117.3,5.1,8.9,channel,False
-92.00003,61.58379,-114.2,5.1,8.9,channel,False
-91.91767,61.58379,-117.4,5.1,8.9,channel,False
-91.83257,61.58379,-121.5,5.0,8.9,channel,False
-91.75021,61.58379,-127.6,4.9,8.6,channel,False
-91.66785,61.58379,-132.9,5.1,8.9,channel,False
-91.58274,61.58379,-140.8,5.1,8.9,channel,False
-91.50038,61.58379,-146.5,5.1,8.9,channel,False
-91.41802,61.58379,-147.9,5.0,8.9,channel,False
-91.33292,61.58379,-149.9,5.1,8.9,channel,False
-91.25056,61.66738,-145.4,5.1,9.0,channel,False
-91.16682,61.75075,-145.8,5.1,9.9,channel,False
-91.08309,61.75075,-145.6,7.6,14.7,channel,False
-91.00073,61.75075,-147.8,5.7,11.8,channel,False
-90.917,61.75075,-147.1,5.1,9.9,channel,False
-90.83327,61.75075,-143.0,5.1,8.9,channel,False
-90.75091,61.75075,-138.5,5.1,9.4,channel,False
-90.66717,61.75075,-130.8,5.1,8.9,channel,False
-90.58344,61.83324,-142.0,5.1,8.9,channel,False
-90.50108,61.83324,-141.1,5.1,9.4,channel,False
-90.41735,61.83324,-136.4,5.1,9.9,channel,False
-90.33362,61.83324,-133.1,5.1,9.6,channel,False
-90.25126,61.83324,-132.2,6.0,13.4,channel,False
-90.08379,61.83324,-129.1,5.1,8.9,channel,False
-90.00143,61.83324,-127.8,5.1,8.9,channel,False
-89.9177,61.83324,-125.6,5.1,9.7,channel,False
-89.83397,61.83324,-124.2,5.2,10.2,channel,False
-89.75161,61.83324,-124.4,5.5,11.2,channel,False
-89.66787,61.83324,-131.8,6.2,13.4,channel,False
-89.58414,61.91746,-136.6,5.5,11.4,channel,False
-89.50178,61.91746,-150.5,5.2,10.3,channel,False
-89.41805,61.91746,-157.8,5.5,11.3,channel,False
-89.33294,61.91746,-155.6,5.0,8.9,channel,False
-89.25058,61.91746,-155.9,5.0,8.8,channel,False
-89.16685,61.91746,-156.5,4.9,8.7,channel,False
-89.08312,61.91746,-157.4,5.0,8.8,channel,False
-89.00076,61.91746,-155.2,4.9,8.6,channel,False
-88.75093,61.91746,-148.4,5.1,8.9,channel,False
-88.6672,61.91746,-147.1,5.1,8.9,channel,False
-88.58347,61.91746,-147.6,5.1,8.9,channel,False
-88.50111,61.91746,-147.9,5.1,8.9,channel,False
-88.41738,61.91746,-151.9,5.1,8.9,channel,False
-88.33364,61.91746,-155.8,5.1,8.9,channel,False
-88.24991,61.91746,-158.1,5.0,8.8,channel,False
-88.08382,61.91746,-158.5,4.9,8.7,channel,False
-88.00009,61.91746,-161.5,4.9,8.5,channel,False
-87.91773,61.91746,-163.6,5.1,8.9,channel,False
-87.83399,61.91746,-171.9,5.1,9.0,channel,False
-87.75026,61.91746,-170.1,4.9,8.7,channel,False
-87.6679,61.91746,-169.5,5.0,8.9,channel,False
-87.58417,61.91746,-169.4,5.0,8.9,channel,False
-87.50044,61.91746,-164.2,5.1,9.9,channel,False
-87.41808,61.91746,-161.6,5.1,9.9,channel,False
-87.33434,61.91746,-160.8,5.1,8.9,channel,False
-87.25061,61.91746,-155.4,5.1,8.9,channel,False
-87.16825,61.91746,-153.8,5.1,8.9,channel,False
-87.08452,61.91746,-157.6,5.1,9.9,channel,False
-87.00079,61.91746,-161.5,5.6,11.4,channel,False
-86.91843,61.91746,-161.5,5.1,9.0,channel,False
-86.83469,61.91746,-157.6,5.0,8.9,channel,False
-86.6686,61.91746,-162.4,5.0,8.9,channel,False
-86.5835,61.91746,-165.4,5.0,8.9,channel,False
-86.4174,61.91746,-167.9,4.9,8.7,channel,False
-86.16758,61.91746,-173.6,5.0,8.9,channel,False
-86.08385,61.91746,-173.6,5.0,8.9,channel,False
-86.00011,61.91746,-171.5,5.1,8.9,channel,False
-85.91775,61.91746,-172.4,5.1,8.9,channel,False
-85.83402,61.91746,-168.1,5.0,8.9,channel,False
-85.66793,61.91746,-165.9,5.1,8.9,channel,False
-85.5842,61.91746,-164.2,5.0,8.9,channel,False
-85.50046,61.91746,-164.6,5.0,8.9,channel,False
-85.4181,61.91746,-167.9,5.0,8.9,channel,False
-85.333,61.91746,-167.8,5.0,8.8,channel,False
-85.25064,61.91746,-166.6,4.9,8.6,channel,False
-85.16828,61.91746,-166.2,4.9,8.7,channel,False
-85.08317,61.91746,-165.9,5.0,8.9,channel,False
-85.00081,61.91746,-165.4,5.0,8.8,channel,False
-84.91845,61.91746,-165.5,5.0,8.8,channel,False
-84.83335,61.91746,-163.0,5.0,8.9,channel,False
-84.75099,61.91746,-160.9,5.0,8.9,channel,False
-84.66863,61.91746,-158.9,5.0,8.8,channel,False
-84.58352,61.91746,-158.0,5.0,8.9,channel,False
-84.50116,61.91746,-157.0,5.1,8.9,channel,False
-84.41743,61.91746,-155.9,5.1,8.9,channel,False
-84.3337,61.91746,-151.2,5.1,8.9,channel,False
-84.25134,61.91746,-151.0,5.1,8.9,channel,False
-84.16761,61.91746,-151.5,5.1,8.9,channel,False
-84.08387,61.91746,-148.4,5.1,9.1,channel,False
-84.00151,61.91746,-146.5,5.1,9.5,channel,False
-83.91778,61.91746,-145.0,5.1,9.8,channel,False
-83.83268,61.91746,-144.1,5.1,8.9,channel,False
-83.75032,61.91746,-141.6,5.1,8.9,channel,False
-83.66658,61.91746,-142.1,5.1,9.0,channel,False
-83.58285,61.91746,-143.6,5.1,9.9,channel,False
-83.50049,61.91746,-131.2,5.0,8.9,channel,False
-83.41676,61.91746,-109.0,5.0,8.9,channel,False
-83.33303,61.91746,-82.9,5.0,8.9,channel,False
-83.25067,61.91746,-101.2,5.0,8.9,channel,False
-83.16693,61.91746,-134.5,4.9,8.8,channel,False
-83.0832,61.91746,-149.9,5.0,8.9,channel,False
-83.00084,61.91746,-157.8,5.1,8.9,channel,False
-82.91711,61.91746,-169.2,5.1,8.9,channel,False
-82.83338,62.00015,-133.0,5.1,9.9,channel,False
-82.66728,62.00015,-175.6,5.1,9.2,channel,False
-82.58355,62.00015,-182.8,5.1,8.9,channel,False
-82.50119,62.00015,-188.6,4.9,7.9,channel,False
-82.41746,62.00015,-194.9,4.9,8.5,channel,False
-82.25137,62.00015,-220.4,6.8,13.5,channel,False
-82.16763,62.08326,-223.1,14.0,19.6,channel,False
-82.0839,62.08326,-219.6,5.1,9.9,channel,False
-82.00154,62.08326,-211.9,5.0,8.9,channel,False
-81.91781,62.16743,-191.4,10.9,19.6,channel,False
-81.83408,62.16743,-219.6,13.7,19.6,channel,False
-81.75172,62.25008,-181.2,5.1,9.0,channel,False
-81.66798,62.25008,-201.4,5.1,9.9,channel,False
-81.58425,62.25008,-213.6,5.1,8.9,channel,False
-81.50052,62.33315,-187.6,8.2,16.9,channel,False
-81.41816,62.33315,-206.0,5.1,8.9,channel,False
-81.33443,62.41726,-178.0,5.1,9.5,channel,False
-81.25069,62.41726,-192.9,5.1,8.9,channel,False
-81.16833,62.41726,-195.5,5.0,8.9,channel,False
-81.08325,62.41743,-192.9,4.8,7.0,channel,False
-80.99955,62.41743,-193.9,5.0,8.9,channel,False
-80.91724,62.41743,-191.0,5.1,8.9,channel,False
-80.83355,62.49999,-189.2,4.9,8.8,channel,False
-80.74985,62.49999,-185.6,5.1,8.9,channel,False
-80.66754,62.49999,-181.0,5.6,11.5,channel,False
-80.58385,62.49999,-178.6,5.1,8.9,channel,False
-80.50015,62.49999,-183.8,4.9,8.3,channel,False
-80.41784,62.58296,-217.6,5.1,9.6,channel,False
-80.33277,62.58296,-219.0,5.1,9.9,channel,False
-80.25045,62.58296,-222.0,5.1,9.9,channel,False
-80.16814,62.66696,-248.1,5.1,9.9,channel,False
-80.08307,62.66696,-256.0,5.1,8.9,channel,False
-79.91706,62.75009,-291.2,5.4,11.1,channel,False
-79.83337,62.75009,-302.8,5.6,11.4,channel,True
-79.75105,62.75009,-312.5,5.1,8.9,channel,True
-79.66736,62.75009,-317.2,5.4,11.1,channel,True
-79.58367,62.75009,-320.2,7.6,14.0,channel,True
-79.50135,62.75009,-324.8,5.1,9.1,channel,True
-79.41766,62.75009,-296.8,10.7,19.6,channel,True
-79.33397,62.75009,-296.2,12.0,19.6,channel,True
-79.25028,62.75009,-338.5,6.0,12.6,channel,True
-79.16796,62.75009,-349.8,5.1,9.9,channel,True
-78.91826,62.75009,-393.5,6.0,12.9,channel,True
-78.00022,62.75008,-412.0,6.3,15.0,channel,True
-76.66737,62.66691,-382.0,5.0,8.8,channel,True
-76.50127,62.66691,-384.8,4.8,7.0,channel,True
-76.41754,62.66691,-372.5,5.1,8.9,channel,True
-76.33381,62.66691,-359.0,5.1,9.6,channel,True
-76.25145,62.66691,-348.0,5.6,11.4,channel,True
-76.16772,62.66691,-313.8,10.8,19.6,channel,True
-76.08398,62.66691,-317.2,8.2,16.9,channel,True
-76.00162,62.66691,-290.2,10.4,19.6,channel,True
-75.91789,62.66691,-297.2,7.9,16.3,channel,False
-75.83416,62.66691,-289.5,4.9,8.7,channel,False
-75.7518,62.66691,-268.5,5.1,8.9,channel,False
-75.66807,62.58287,-235.8,5.1,8.9,channel,False
-75.5006,62.58287,-211.4,5.1,9.9,channel,False
-75.41687,62.58287,-207.2,5.1,8.9,channel,False
-75.33314,62.58287,-203.5,5.1,9.0,channel,False
-75.25078,62.58287,-198.5,5.3,10.9,channel,False
-75.16704,62.58287,-186.2,5.1,10.1,channel,False
-75.08331,62.58287,-176.8,5.9,12.2,channel,False
-75.00095,62.58287,-166.8,5.1,9.6,channel,False
-74.91722,62.58287,-161.5,5.1,8.9,channel,False
-74.83349,62.58287,-156.5,5.0,8.9,channel,False
-74.75113,62.58287,-128.2,11.7,19.6,channel,False
-74.66739,62.58287,-95.4,11.4,19.6,channel,False
-74.58366,62.58287,-65.9,10.7,19.6,channel,False
-74.49993,62.58287,-59.0,7.8,16.1,channel,False
-74.41757,62.58287,-40.8,8.2,16.9,channel,False
-74.33384,62.58287,-28.8,7.6,13.8,channel,False
-74.2501,62.58287,-21.1,6.5,13.4,channel,False
-74.16774,62.58287,-15.1,8.2,16.9,channel,False
-74.08401,62.58287,-14.9,8.2,17.5,channel,False
-74.00028,62.58287,-26.5,10.4,19.6,channel,False
-73.91792,62.58287,-66.8,14.0,19.6,channel,False
-73.83419,62.58287,-103.9,11.8,19.6,channel,False
-73.75045,62.58287,-134.5,8.8,18.2,channel,False
-73.66809,62.58287,-156.9,7.8,16.0,channel,False
-73.58436,62.58287,-175.2,7.7,15.9,channel,False
-73.50063,62.58287,-188.8,5.1,9.7,channel,False
-73.41827,62.58287,-202.2,5.0,8.9,channel,False
-73.2508,62.58287,-233.4,5.1,8.9,channel,False
-73.16844,62.58287,-255.8,5.1,8.9,channel,False
-72.83351,62.58287,-325.0,4.9,8.5,channel,True
-72.4176,62.58287,-359.2,4.9,8.6,channel,True
-72.33386,62.58287,-354.8,5.1,8.9,channel,True
-72.08404,62.58287,-339.0,5.1,8.9,channel,True
-72.0003,62.58287,-316.8,5.3,10.6,channel,True
-71.91795,62.58287,-317.2,5.0,8.9,channel,True
-71.83421,62.58287,-293.5,5.1,8.9,channel,True
-71.58301,62.49986,-318.0,4.8,7.0,channel,True
-71.50065,62.49986,-323.5,4.9,8.6,channel,True
-71.4183,62.49986,-326.8,5.0,8.8,channel,True
-71.25083,62.49986,-329.2,5.1,8.9,channel,True
-71.16847,62.49986,-331.5,5.1,9.9,channel,True
-70.75118,62.41726,-333.5,6.0,13.0,channel,True
-70.66745,62.41726,-328.2,8.2,17.2,channel,True
-70.41762,62.33315,-319.5,5.0,8.9,channel,True
-70.33389,62.33315,-290.2,7.5,13.7,channel,True
-70.25153,62.33315,-285.8,7.6,13.9,channel,False
-70.1678,62.33315,-261.0,5.1,8.9,channel,False
-70.08269,62.33315,-247.9,5.1,9.9,channel,False
-69.75051,62.25008,-227.9,6.7,13.5,channel,False
-69.66677,62.25008,-225.8,5.7,11.7,channel,False
-69.58304,62.25008,-224.6,8.2,17.2,channel,False
-69.25086,62.16743,-235.1,5.0,8.9,channel,False
-69.16712,62.16743,-234.1,5.1,8.9,channel,False
-69.08339,62.16743,-217.8,8.2,16.9,channel,False
-68.9173,62.16743,-188.0,8.2,16.9,channel,False
-68.75121,62.16743,-171.4,8.2,17.2,channel,False
-68.66747,62.16743,-151.2,8.1,16.8,channel,False
-68.58374,62.08326,-185.8,5.1,8.9,channel,False
-68.41765,62.08326,-167.9,7.6,14.2,channel,False
-68.33392,62.08326,-151.9,10.1,19.5,channel,False
-68.25156,62.08326,-140.8,5.1,8.9,channel,False
-67.918,62.00015,-167.5,7.6,14.4,channel,False
-67.83427,62.00015,-154.5,8.2,17.0,channel,False
-67.75053,62.00015,-142.5,8.2,16.9,channel,False
-67.66817,62.00015,-134.5,8.2,16.9,channel,False
-67.58444,62.00015,-124.8,10.4,19.6,channel,False
-67.24959,61.91724,-163.5,5.2,10.4,channel,False
-67.16727,61.91724,-151.0,13.5,19.6,channel,False
-67.08358,61.91724,-126.9,8.0,16.5,channel,False
-66.99989,61.91724,-110.9,8.2,16.9,channel,False
-66.91757,61.91724,-96.4,9.5,18.9,channel,False
-66.83388,61.91724,-94.5,13.5,19.6,channel,False
-66.75019,61.91724,-114.7,9.1,18.5,channel,False
-66.66787,61.91724,-81.4,9.8,19.2,channel,False
-66.5828,61.91724,-13.8,12.2,19.6,channel,False
-65.91739,62.00053,-59.4,14.0,19.6,channel,False
-65.8337,62.00053,-132.5,14.0,19.6,channel,False
-64.00041,62.08326,-256.0,8.5,17.9,channel,False
-62.75129,62.08326,-421.8,6.3,15.0,channel,True
-62.66756,62.08326,-408.8,6.3,15.0,channel,True
-62.58382,62.08326,-405.2,6.3,15.0,channel,True
-62.50146,62.08326,-441.2,6.3,15.0,channel,True
-62.41773,62.08326,-428.0,6.3,15.0,channel,True
-62.334,62.00015,-431.8,6.3,15.0,channel,True
-62.25164,62.00015,-425.2,6.3,15.0,channel,True
-62.16791,62.00015,-411.8,6.3,15.0,channel,True
-62.08417,61.91746,-422.8,6.3,15.0,channel,True
-62.00181,61.83324,-519.5,6.3,15.0,channel,True
-61.75062,61.58379,-592.5,6.3,15.0,channel,True
-61.66688,61.50063,-589.0,6.3,15.0,channel,True
-61.58315,61.50063,-588.0,6.3,15.0,channel,True
-61.41706,61.41724,-566.0,6.3,15.0,channel,True
-61.33333,61.41724,-565.0,6.3,15.0,channel,True
-61.25097,61.41724,-553.5,6.3,15.0,channel,True
-60.99977,61.41724,-553.0,6.3,15.0,channel,True
-60.91741,61.41724,-542.0,6.3,15.0,channel,True
-60.83368,61.41724,-554.0,6.3,15.0,channel,True
-60.00047,61.41724,-1923.0,6.3,15.0,channel,True
-59.91811,61.41724,-1975.0,6.3,15.0,channel,True
-59.83438,61.41724,-2038.0,6.3,15.0,channel,True
-59.58455,61.41724,-2108.0,6.3,15.0,channel,True
-59.50082,61.41724,-2234.0,6.3,15.0,channel,True
-59.41846,61.2498,-2254.0,6.3,15.0,channel,True
-59.41846,61.16707,-2342.0,6.3,15.0,channel,True
-59.41846,61.08345,-2356.0,6.3,15.0,channel,True
-59.33473,61.00028,-2412.0,6.3,15.0,channel,True
-59.16863,60.25075,-2544.0,6.3,15.0,channel,True
-59.25099,60.00023,-2468.0,6.3,15.0,channel,True
-59.25099,59.83284,-2332.0,6.3,15.0,channel,True
-59.25099,59.74987,-2356.0,6.3,15.0,channel,True
-59.08353,59.16749,-2316.0,6.3,15.0,channel,True
-58.9998,59.08357,-2446.0,6.3,15.0,channel,True
-58.74997,58.75083,-2396.0,6.3,15.0,channel,True
-58.25032,58.33345,-2580.0,6.3,15.0,channel,True
-58.0005,58.16713,-2710.0,6.3,15.0,channel,True
-57.83303,58.00003,-2714.0,6.3,15.0,channel,True
-57.75067,58.00003,-2758.0,6.3,15.0,channel,True
-57.25102,57.66789,-2740.0,6.3,15.0,channel,True
-57.16866,57.66789,-2762.0,6.3,15.0,channel,True
-57.08356,57.66789,-2768.0,6.3,15.0,channel,True
-57.0012,57.66789,-2812.0,6.3,15.0,channel,True
-56.91746,57.66789,-2848.0,6.3,15.0,channel,True
-56.83373,57.66789,-2888.0,6.3,15.0,channel,True
-56.75137,57.66789,-2900.0,6.3,15.0,channel,True
-56.58391,57.58327,-2936.0,6.3,15.0,channel,True
-56.50155,57.50067,-2824.0,6.3,15.0,channel,True
-94.34043,69.41303,-20.0,5.2,10.3,random,False
-92.62844,61.72264,-45.7,8.2,16.9,random,False
-67.11225,63.22443,-45.9,14.0,19.6,random,False
-89.54296,65.56856,-70.9,14.0,19.6,random,False
-62.17614,62.95325,-230.6,8.2,16.9,random,False
-69.77247,61.89416,-282.5,8.2,17.1,random,False
-96.80299,69.88754,-46.6,5.1,9.7,random,False
-66.4616,62.84118,-57.0,14.0,19.6,random,False
-92.61061,72.48266,-112.1,6.0,12.9,random,False
-72.69625,62.88756,-321.5,5.1,8.9,random,True
-65.14497,61.74216,-9.8,14.0,19.6,random,False
-89.83808,58.32262,-96.1,5.1,8.9,random,False
-74.86368,63.01754,-88.9,5.4,10.9,random,False
-80.25688,57.14603,-39.6,7.6,13.8,random,False
-92.42968,58.57143,-59.9,5.1,8.9,random,False
-80.09766,57.93297,-114.3,11.5,19.6,random,False
-94.38161,59.50111,-60.9,5.1,8.9,random,False
-59.59279,61.10205,-2300.0,6.3,15.0,random,True
-54.37392,55.77033,-2916.0,6.3,15.0,random,True
-84.73726,56.68922,-144.1,5.1,8.9,random,False
-71.30436,62.79849,-176.1,8.2,16.9,random,False
-61.61747,58.31469,-201.6,7.6,14.8,random,False
-78.00571,60.62163,-37.4,6.0,13.0,random,False
-88.38992,65.47803,-48.7,14.0,19.6,random,False
-86.03169,66.24894,-69.9,14.0,19.6,random,False
-86.51486,64.9579,-68.8,6.0,13.0,random,False
-79.13404,60.09423,-131.2,5.1,9.3,random,False
-79.54447,63.20523,-216.4,7.5,13.7,random,False
-99.69382,71.38496,-97.8,4.9,8.7,random,False
-91.23546,57.52133,-24.8,5.6,11.4,random,False
-93.15307,58.98741,-31.1,5.1,8.9,random,False
-66.89262,60.59938,-151.0,5.1,9.9,random,False
-56.57979,54.10893,-144.2,9.3,18.7,random,False
-89.04743,63.04932,-152.1,5.1,9.9,random,False
-55.59833,53.81951,-172.4,5.1,8.9,random,False
-61.51452,57.92203,-151.9,12.7,19.6,random,False
-92.83461,61.26896,-92.9,6.0,12.5,random,False
-92.59277,62.0392,-10.4,5.1,8.9,random,False
-58.60996,55.05737,-42.3,14.0,19.6,random,False
-57.58183,54.39075,-24.4,8.2,16.9,random,False
-87.95204,63.41817,-145.1,5.0,8.9,random,False
-71.4183,62.76455,-244.9,10.3,19.6,random,False
-86.46407,62.56831,-108.8,5.1,8.9,random,False
-66.495,61.58243,-189.4,7.5,13.7,random,False
-57.51457,60.04486,-2804.0,6.3,15.0,random,True
-58.44936,61.89028,-2408.0,6.3,15.0,random,True
-79.70919,66.0634,-85.8,5.1,8.9,random,False
-87.09962,62.08133,-129.9,6.0,13.1,random,False
-84.27193,56.00385,-101.9,5.1,9.7,random,False
-94.69046,64.07644,-15.2,5.0,8.9,random,False
-65.60506,64.80506,-61.5,14.0,19.6,random,False
-92.1949,61.56608,-110.7,5.1,9.6,random,False
-93.23406,71.58091,-43.3,5.1,9.9,random,False
-99.48106,71.00355,-173.9,6.0,13.2,random,False
-76.04418,64.12026,-97.9,8.4,17.9,random,False
-86.19915,56.59703,-60.6,5.1,9.1,random,False
-70.59195,61.15514,-178.4,8.2,16.9,random,False
-65.34837,60.4811,-284.2,5.1,8.9,random,False
-70.73471,61.30065,-150.6,5.1,9.9,random,False
-71.81774,61.89869,-105.2,5.1,9.5,random,False
-80.54103,65.89726,-131.5,7.5,13.7,random,False
-96.49688,73.37853,-211.9,5.3,10.8,random,False
-89.79828,63.58188,-46.6,5.1,8.9,random,False
-78.79637,59.40542,-83.5,5.1,9.9,random,False
-56.79118,57.74718,-2914.0,6.3,15.0,random,True
-65.35249,61.11666,-307.8,14.0,19.6,random,True
-57.3979,62.15588,-2524.0,6.3,15.0,random,True
-60.27637,55.50895,-28.1,11.0,19.6,random,False
-90.49422,62.97199,-41.8,5.1,9.9,random,False
-67.61876,59.44596,-243.8,9.0,18.4,random,False
-69.55147,60.23507,-28.5,9.0,18.4,random,False
-97.94642,70.84141,-142.1,5.6,11.5,random,False
-69.47597,58.80924,-38.2,5.3,10.7,random,False
-92.67676,71.19186,-108.2,7.5,13.7,random,False
-59.33061,61.38435,-2332.0,6.3,15.0,random,True
-68.62629,59.51854,-113.6,12.3,19.6,random,False
-90.36656,62.74757,-99.1,7.6,14.5,random,False
-92.80543,61.66403,-47.3,6.0,12.7,random,False
-78.1773,55.36473,-139.9,5.0,8.8,random,False
-57.30593,56.62728,-1985.0,6.3,15.0,random,True
-87.07354,61.01427,-209.5,5.1,8.9,random,False
-89.84907,57.76257,-65.4,5.1,9.7,random,False
-61.79454,60.35424,-323.0,5.0,8.9,random,True
-54.90376,55.55795,-2454.0,6.3,15.0,random,True
-72.07855,63.02003,-258.0,6.0,13.1,random,False
-60.96133,59.9039,-259.8,10.3,19.6,random,False
-78.18691,60.05241,-50.3,7.4,13.6,random,False
-87.73928,60.67821,-177.6,5.1,8.9,random,False
-61.06977,55.95464,-7.6,7.9,16.3,random,False
-61.43216,58.58863,-132.1,5.1,8.9,random,False
-92.47086,71.06875,-162.1,5.6,11.5,random,False
-77.12172,63.99763,-303.8,5.2,10.5,random,True
-92.2677,60.80448,-103.4,6.4,13.4,random,False
-55.76168,56.53798,-2804.0,6.3,15.0,random,True
-76.71266,63.83328,-389.0,8.6,18.1,random,True
-94.73026,69.55703,-33.6,9.4,18.8,random,False
-82.61787,66.20684,-133.6,11.0,19.6,random,False
-58.1762,62.55122,-2190.0,6.3,15.0,random,True
-86.50388,60.88415,-202.0,5.1,8.9,random,False
-66.94753,59.87218,-103.8,8.2,17.0,random,False
-84.20192,63.00444,-116.6,5.1,8.9,random,False
-78.41889,60.53793,-70.9,8.2,16.9,random,False
-62.38479,64.12326,-158.0,5.1,8.9,random,False
-79.23562,58.60939,-144.0,10.5,19.6,random,False
-59.36081,54.0073,-9.5,10.9,19.6,random,False
-82.24588,61.95754,-219.0,5.1,8.9,random,False
-59.3663,55.54629,-77.4,14.0,19.6,random,False
-78.96658,59.08145,-76.0,8.3,17.7,random,False
-88.00146,63.55619,-130.6,5.1,9.9,random,False
-59.94419,55.50273,-24.2,5.1,8.9,random,False
-89.60199,65.88323,-53.6,12.0,19.6,random,False
-70.04838,61.35801,-196.9,5.0,8.9,random,False
-79.62958,55.82132,-53.2,6.5,13.4,random,False
-73.79987,62.67448,-160.2,5.1,9.9,random,False
-61.1741,57.98692,-261.0,5.1,9.7,random,False
-57.51869,59.61807,-2948.0,6.3,15.0,random,True
-99.7803,68.67639,-31.8,5.2,10.2,random,False
-89.59924,63.39171,-82.9,6.7,13.5,random,False
-62.30929,59.10686,-125.8,5.0,8.9,random,False
-77.64608,60.00985,-12.3,9.0,18.5,random,False
-79.11483,65.27764,-73.6,7.4,13.6,random,False
-77.8808,55.60611,-146.1,8.4,17.9,random,False
-80.39726,62.35504,-160.2,5.1,9.9,random,False
-91.54019,59.27368,-106.1,5.1,9.7,random,False
-91.41665,58.42495,-63.7,5.1,9.9,random,False
-64.93245,64.75412,-445.2,6.3,15.0,random,True
-60.57836,58.08949,-191.1,5.3,10.8,random,False
-79.98372,64.55411,-280.5,5.0,8.9,random,False
-84.68236,62.70286,-126.9,5.1,9.9,random,False
-82.55061,66.08625,-127.4,5.5,11.2,random,False
-81.87114,62.29803,-126.8,8.5,18.0,random,False
-87.73654,60.90487,-190.1,5.1,9.1,random,False
-97.19831,70.88106,-106.1,4.9,8.1,random,False
-57.19062,56.47959,-1944.0,6.3,15.0,random,True
-70.32565,61.2617,-144.2,5.1,8.9,random,False
-78.81536,62.4835,-107.5,8.2,16.9,random,False
-79.33445,65.82477,-60.9,4.9,8.7,random,False
-57.85774,60.39839,-2710.0,6.3,15.0,random,True
-99.04729,70.91433,-202.9,6.3,13.4,random,False
-94.59849,69.05984,-20.6,8.2,16.9,random,False
-80.71398,66.06674,-134.4,8.2,16.9,random,False
-80.19146,55.40784,-85.1,10.9,19.6,random,False
-86.47506,64.9736,-89.2,9.0,18.4,random,False
-62.81169,59.14988,-132.8,5.4,11.2,random,False
-94.36788,64.12446,-31.5,5.1,9.7,random,False
-60.83917,57.83215,-267.8,8.2,17.5,random,False
-67.17676,59.96792,-105.8,5.1,9.9,random,False
-57.0012,58.98246,-2894.0,6.3,15.0,random,True
-91.72413,61.51636,-132.2,5.1,8.9,random,False
-90.46951,58.86968,-117.1,5.1,8.9,random,False
-85.51968,56.39982,-100.4,5.1,8.9,random,False
-95.60602,68.4524,-20.2,8.2,16.9,random,False
-92.69048,71.22506,-113.6,7.5,13.7,random,False
-67.21931,63.277,-36.8,14.0,19.6,random,False
-72.58506,62.97948,-295.8,5.1,9.9,random,False
-62.13496,59.01714,-134.5,5.1,9.9,random,False
-76.96249,57.76624,-7.1,9.6,19.0,random,False
-70.81981,61.37448,-182.5,5.5,11.4,random,False
-95.70211,71.71202,-108.8,11.3,19.6,random,False
-59.92634,59.02916,-1068.0,6.3,15.0,random,True
-54.66217,55.90152,-3050.0,6.3,15.0,random,True
-60.3958,57.44525,-156.1,8.2,17.6,random,False
-68.29136,61.21144,-401.0,6.3,15.0,random,True
-92.28957,72.59764,-145.6,5.9,12.2,random,False
-78.75637,62.29954,-137.9,6.2,13.4,random,False
-56.61136,57.78529,-2962.0,6.3,15.0,random,True
-80.19237,66.00255,-93.8,5.1,8.9,random,False
-67.6668,63.55742,-102.0,14.0,19.6,random,False
-72.86508,63.21452,-237.9,5.1,9.9,random,False
-61.47746,61.41395,-569.0,6.3,15.0,random,True
-87.83125,60.61489,-181.8,5.1,8.9,random,False
-77.65843,59.86045,-22.1,8.2,17.7,random,False
-97.93818,69.97761,-85.5,5.9,12.3,random,False
-61.84808,60.94494,-600.0,6.3,15.0,random,True
-62.41361,64.2089,-171.1,5.0,8.9,random,False
-79.7037,58.15916,-101.8,8.2,17.5,random,False
-59.17138,53.87707,-111.2,5.2,10.4,random,False
-97.24224,70.69066,-65.9,5.1,8.9,random,False
-61.01487,57.09828,-115.3,7.5,13.7,random,False
-91.70765,61.9472,-95.8,5.1,9.0,random,False
-65.11479,62.55132,-5.2,11.4,19.6,random,False
-93.30132,60.52779,-107.7,5.1,8.9,random,False
-60.85701,56.65146,-62.8,14.0,19.6,random,False
-75.63512,62.62713,-235.9,5.1,8.9,random,False
-76.98445,57.78822,-7.5,10.9,19.6,random,False
-78.27613,60.34336,-57.3,5.1,8.9,random,False
-59.36492,55.22702,-32.9,10.7,19.6,random,False
-77.21643,57.48294,-52.0,7.5,13.7,random,False
-84.35841,61.30725,-204.8,5.0,8.9,random,False
-67.44306,60.66071,-142.4,8.2,16.9,random,False
-60.09793,59.42919,-1274.0,6.3,15.0,random,True
-94.74948,69.54598,-32.4,9.3,18.7,random,False
-66.69221,60.72327,-291.0,7.6,13.9,random,False
-87.22728,63.26835,-49.2,5.4,11.1,random,False
-80.08805,65.06124,-179.9,8.9,18.3,random,False
-90.0028,58.54133,-139.8,5.1,8.9,random,False
-70.05936,59.99611,-26.5,5.1,9.0,random,False
-89.4606,65.73965,-217.5,14.0,19.6,random,False
-75.4251,62.69277,-217.8,5.1,9.9,random,False
-84.4037,65.45977,-191.6,14.0,19.6,random,False
-83.11752,64.13825,-10.0,5.1,8.9,random,False
-57.79322,61.62366,-2640.0,6.3,15.0,random,True
-94.46122,59.25542,-33.3,5.1,8.9,random,False
-70.931,61.45863,-166.6,8.0,16.5,random,False
-80.95008,56.95693,-146.0,5.1,9.9,random,False
-91.95062,59.02845,-76.6,6.0,12.7,random,False
-79.90548,65.52305,-94.9,5.5,11.4,random,False
-63.96747,64.87167,-118.3,8.2,16.9,random,False
-85.21083,62.78844,-107.4,5.1,8.9,random,False
-90.02065,57.62008,-53.0,5.0,8.9,random,False
-87.25748,62.43888,-121.3,5.1,8.9,random,False
-91.64451,58.05824,-51.4,5.1,9.7,random,False
-83.44147,65.27305,-319.0,7.7,16.0,random,True
-62.16379,64.04699,-180.0,4.9,8.7,random,False
-56.2778,56.84436,-2630.0,6.3,15.0,random,True
-94.63555,64.03737,-10.0,4.9,7.6,random,False
-92.32798,72.19682,-147.2,5.0,8.9,random,False
-67.03693,61.74411,-177.8,8.2,17.0,random,False
-94.26767,64.02834,-6.4,7.5,13.8,random,False
-67.41835,63.26773,-42.7,14.0,19.6,random,False
-62.22693,63.9047,-178.2,5.1,8.9,random,False
-78.92649,54.89692,-13.9,14.0,19.6,random,False
-84.83609,65.98802,-32.2,13.3,19.6,random,False
-67.57072,60.47568,-95.8,7.8,16.2,random,False
-89.58963,65.88772,-38.8,14.0,19.6,random,False
-62.04025,57.91473,-16.4,14.0,19.6,random,False
-92.45576,58.73015,-66.9,5.1,8.9,random,False
-62.30105,58.0735,-159.6,14.0,19.6,random,False
-89.02684,65.70631,-30.2,14.0,19.6,random,False
-99.44948,69.31277,-21.5,5.1,8.9,random,False
-89.36726,62.91823,-147.5,5.1,8.9,random,False
-58.47407,55.83289,-530.5,6.3,15.0,random,True
-56.34094,56.76913,-2574.0,6.3,15.0,random,True
-56.47135,57.94027,-2958.0,6.3,15.0,random,True
-66.30237,59.51366,-234.8,6.0,12.6,random,False
-94.9293,72.14764,-148.9,14.0,19.6,random,False
-96.04528,69.50609,-12.6,5.4,11.2,random,False
-78.15122,55.49961,-136.9,6.4,13.4,random,False
-65.57761,60.90487,-908.0,6.3,15.0,random,True
-98.36233,70.39864,-181.1,5.1,9.1,random,False
-69.55559,61.38238,-237.6,6.0,12.4,random,False
-63.34428,60.56833,-406.8,6.3,15.0,random,True
-60.23245,57.25471,-169.1,5.1,8.9,random,False
-92.82912,71.72194,-81.4,5.1,8.9,random,False
-77.72432,60.04829,-22.3,7.5,13.7,random,False
-65.74644,65.01194,-556.5,6.3,15.0,random,True
-60.06224,59.73741,-1754.0,6.3,15.0,random,True
-97.8819,71.43796,-75.8,5.2,10.3,random,False
-95.74192,72.27443,-353.8,6.0,12.6,random,True
-59.13844,62.74757,-937.0,6.3,15.0,random,True
-79.15052,59.85355,-115.0,5.1,8.9,random,False
-83.86013,65.57538,-210.6,14.0,19.6,random,False
-85.81069,62.78781,-105.2,5.1,8.9,random,False
-65.96882,65.11681,-572.0,6.3,15.0,random,True
-77.46351,63.74284,-272.2,14.0,19.6,random,False
-68.4904,59.01997,-21.1,5.1,8.9,random,False
-77.35644,59.96104,-14.0,5.0,8.8,random,False
-54.77062,56.09824,-3044.0,6.3,15.0,random,True
-58.47818,62.75134,-1631.0,6.3,15.0,random,True
-92.20868,58.70732,-69.6,5.1,9.9,random,False
-89.37687,62.15459,-157.5,5.4,11.0,random,False
-81.93428,66.29318,-128.4,5.1,8.9,random,False
-79.14365,56.6424,-7.5,5.1,9.9,random,False
-62.12947,62.75763,-242.5,14.0,19.6,random,False
-98.28409,70.99595,-156.8,6.8,13.5,random,False
-78.70028,60.72125,-59.5,10.1,19.5,random,False
-89.68297,65.66954,-7.6,14.0,19.6,random,False
-61.04095,60.66677,-1146.0,6.3,15.0,random,True
-62.41636,58.50329,-120.8,14.0,19.6,random,False
-57.64909,62.6265,-2240.0,6.3,15.0,random,True
-83.46206,63.55497,-67.5,5.1,8.9,random,False
-59.99635,59.68057,-1755.0,6.3,15.0,random,True
-59.27021,56.1128,-419.8,6.3,15.0,random,True
-92.29653,71.8118,-226.2,5.1,9.1,random,False
-96.51473,70.51541,-48.7,6.0,12.7,random,False
-73.7532,63.41632,-262.2,5.1,8.9,random,False
-93.07071,60.68359,-114.6,5.1,9.0,random,False
-89.4057,63.09289,-129.5,4.9,8.6,random,False
-94.22375,71.80923,-32.3,11.0,19.6,random,False
-96.34863,69.68575,-35.8,5.6,11.5,random,False
-92.2128,71.17901,-242.4,6.9,13.5,random,False
-78.04415,55.25053,-104.9,6.2,13.4,random,False
-96.42139,71.79077,-411.5,6.3,15.0,random,True
-59.82065,60.3787,-2240.0,6.3,15.0,random,True
-56.33545,54.42114,-259.2,14.0,19.6,random,False
-78.10317,55.58592,-138.8,6.2,13.4,random,False
-95.6623,73.544,-29.7,9.7,19.1,random,False
-78.38731,55.11355,-37.4,5.1,9.8,random,False
-95.6074,73.61896,-6.9,12.3,19.6,random,False
-99.57302,68.41957,-38.7,12.4,19.6,random,False
-72.09502,62.95825,-282.2,5.7,11.7,random,False
-58.37798,61.36131,-2668.0,6.3,15.0,random,True
-96.61493,72.06911,-20.8,14.0,19.6,random,False
-97.84484,70.7578,-134.1,5.3,10.8,random,False
-86.95961,64.91132,-41.7,9.2,18.6,random,False
-67.65033,63.55252,-79.7,14.0,19.6,random,False
-57.07532,53.64881,-14.0,14.0,19.6,random,False
-75.1039,62.71861,-149.6,5.1,9.5,random,False
-86.35289,65.16476,-56.0,9.2,18.6,random,False
-70.35585,61.41198,-165.8,5.1,8.9,random,False
-64.88304,64.29784,-14.7,14.0,19.6,random,False
-88.06597,63.39664,-155.9,7.9,16.3,random,False
-85.62949,61.65042,-185.9,5.0,8.9,random,False
-70.34899,61.41067,-165.9,5.1,8.9,random,False
-77.95355,59.92387,-25.4,5.0,8.9,random,False
-78.17043,64.14425,-159.4,13.2,19.6,random,False
-84.007,63.20461,-105.1,5.0,8.9,random,False
-78.04552,64.04699,-65.1,11.7,19.6,random,False
-78.14161,60.94427,-28.4,7.6,14.0,random,False
-77.6049,56.7307,-51.7,5.1,10.0,random,False
-99.51812,71.25467,-106.6,5.1,8.9,random,False
-90.21282,57.88552,-55.0,5.1,9.9,random,False
-54.88592,56.06527,-3058.0,6.3,15.0,random,True
-80.99269,54.87875,-78.9,5.1,8.9,random,False
-77.70098,59.90183,-27.7,5.1,8.9,random,False
-58.15835,56.32598,-324.5,5.9,12.2,random,True
-85.08317,66.11687,-91.4,13.0,19.6,random,False
-94.71928,64.14305,-71.3,5.9,12.2,random,False
-65.33705,62.44984,-34.4,7.5,13.7,random,False
-67.56934,60.84066,-529.5,6.3,15.0,random,True
-69.48421,60.16404,-52.4,5.1,9.4,random,False
-86.50114,64.93811,-71.8,8.2,16.9,random,False
-92.20181,71.65631,-222.8,5.1,9.5,random,False
-94.79066,64.11427,-41.0,5.4,11.2,random,False
-79.55545,58.73871,-127.6,8.4,17.8,random,False
-65.83155,61.35209,-225.2,5.1,9.0,random,False
-76.09496,62.35611,-5.8,14.0,19.6,random,False
-55.18104,54.1862,-158.2,5.3,10.6,random,False
-63.24545,62.97761,-153.5,5.1,8.9,random,False
-80.60829,59.46063,-205.6,14.0,19.6,random,False
-93.13797,60.46756,-102.0,5.1,8.9,random,False
-84.63431,61.90193,-159.9,5.0,8.9,random,False
-93.65958,60.42825,-89.4,5.1,9.9,random,False
-70.82119,62.64987,-26.3,10.1,19.5,random,False
-84.2431,62.69592,-115.8,6.6,13.5,random,False
-68.82396,61.6341,-297.2,4.9,8.7,random,False
-88.94997,62.4516,-153.8,5.1,8.9,random,False
-92.50243,61.4652,-102.1,5.1,9.1,random,False
-82.63709,61.69737,-215.6,6.0,13.2,random,False
-99.41517,69.21692,-10.9,5.1,8.9,random,False
-70.86099,61.81573,-264.5,7.7,15.8,random,False
-79.05306,60.45401,-120.6,7.4,13.6,random,False
-91.02132,61.62692,-125.2,5.2,10.3,random,False
-56.1172,56.65524,-2672.0,6.3,15.0,random,True
-86.46957,61.78455,-182.6,5.1,8.9,random,False
-85.6089,62.41344,-126.5,4.9,8.3,random,False
-80.9089,56.21763,-130.5,6.8,13.5,random,False
-90.52442,62.13469,-126.7,5.5,11.3,random,False
-72.74703,63.18354,-250.0,5.1,8.9,random,False
-78.91991,59.77202,-122.0,5.1,9.6,random,False
-79.25072,64.94975,-92.6,8.2,17.0,random,False
-76.14438,62.58097,-341.0,5.0,8.9,random,True
-69.99347,61.01361,-14.9,7.6,13.9,random,False
-78.90069,57.42676,-40.1,8.2,17.0,random,False
-82.27196,64.85066,-278.5,10.6,19.6,random,False
-91.0776,59.67571,-128.0,5.1,9.0,random,False
-64.43143,64.02413,-236.8,14.0,19.6,random,True
-80.82105,65.95948,-135.6,7.4,13.6,random,False
-81.48816,62.01563,-210.5,5.1,8.9,random,False
-57.11375,56.94419,-2216.0,6.3,15.0,random,True
-59.89477,56.1128,-178.4,14.0,19.6,random,False
-90.51481,62.85059,-58.4,5.5,11.4,random,False
-90.0083,62.48717,-143.4,5.1,8.9,random,False
-84.77707,56.23138,-129.9,5.3,10.7,random,False
-99.27378,68.60431,-45.1,7.6,13.8,random,False
-58.18992,60.779,-2736.0,6.3,15.0,random,True
-56.70882,57.32748,-2682.0,6.3,15.0,random,True
-89.55532,65.81182,-91.1,11.9,19.6,random,False
-98.74805,70.59181,-169.8,6.0,12.6,random,False
-97.01712,70.90445,-108.1,5.7,11.7,random,False
-89.91221,58.40192,-111.9,5.1,8.9,random,False
-62.41361,59.10686,-127.9,4.9,8.7,random,False
-94.06177,60.61287,-44.4,5.7,11.9,random,False
-57.56948,59.20409,-3040.0,6.3,15.0,random,True
-79.01737,63.88474,-294.2,5.1,9.0,random,False
-97.36029,71.35115,-203.6,5.1,8.9,random,False
-75.6763,62.37268,-147.8,5.1,8.9,random,False
-71.70381,62.39179,-339.2,5.0,8.9,random,True
-90.44068,57.78602,-48.4,5.1,8.9,random,False
-77.46351,64.25728,-115.3,10.8,19.6,random,False
-94.71928,69.55223,-37.8,8.5,18.0,random,False
-84.69334,55.95464,-94.7,5.1,8.9,random,False
-87.06256,61.71951,-192.4,5.1,8.9,random,False
-72.14718,62.7375,-301.5,4.9,8.7,random,True
-99.64989,70.56668,-160.1,5.1,8.9,random,False
-79.52193,54.82894,-4.7,7.4,13.6,random,False
-57.71224,59.75472,-2914.0,6.3,15.0,random,True
-66.08752,62.7054,-88.8,14.0,19.6,random,False
-92.50105,59.50738,-99.2,5.1,9.9,random,False
-69.38401,61.83519,-297.8,6.4,13.4,random,True
-58.6882,60.51561,-2534.0,6.3,15.0,random,True
-78.14161,60.5717,-24.7,8.2,17.5,random,False
-68.20351,61.55828,-282.8,5.1,9.1,random,False
-62.35184,58.6144,-148.1,8.2,17.4,random,False
-84.43528,65.64461,-225.8,14.0,19.6,random,False
-80.08393,64.97651,-187.6,8.2,16.9,random,False
-77.92198,60.65465,-20.8,7.5,13.8,random,False
-67.93447,59.19495,-105.4,9.7,19.1,random,False
-84.02622,65.68256,-94.2,14.0,19.6,random,False
-81.00367,55.66976,-102.1,5.1,8.9,random,False
-60.00184,61.16044,-2174.0,6.3,15.0,random,True
-73.73947,63.10035,-355.0,8.2,16.9,random,True
-59.33747,53.85763,-55.2,5.1,9.9,random,False
-94.00824,68.77212,-22.0,5.2,10.2,random,False
-65.20671,61.74411,-17.6,14.0,19.6,random,False
-89.59787,65.8197,-96.1,14.0,19.6,random,False
-56.12818,56.57736,-2666.0,6.3,15.0,random,True
-66.16373,60.2337,-312.8,10.6,19.6,random,True
-56.22015,57.13633,-2774.0,6.3,15.0,random,True
-66.78037,61.59811,-210.1,5.1,9.7,random,False
-62.60441,58.29014,-57.4,14.0,19.6,random,False
-62.35596,58.80212,-166.1,6.0,12.6,random,False
-79.69343,54.20388,-23.2,7.6,14.0,random,False
-92.83699,61.787,-17.6,5.1,9.7,random,False
-66.24941,62.73562,-136.9,10.7,19.6,random,False
-62.64422,64.90433,-228.4,5.0,8.9,random,False
-67.68053,63.49002,-119.2,14.0,19.6,random,False
-77.32213,63.98919,-234.6,14.0,19.6,random,False
-77.72432,55.65343,-164.6,7.6,14.4,random,False
-56.1927,57.03179,-2774.0,6.3,15.0,random,True
-61.9826,58.36806,-250.5,14.0,19.6,random,False
-99.42066,71.31684,-76.7,5.1,8.9,random,False
-70.73471,61.82546,-251.6,12.0,19.6,random,False
-59.60514,53.60317,-104.9,5.1,8.9,random,False
-81.4662,63.48512,-35.8,5.1,9.3,random,False
-81.03244,65.93428,-126.8,5.1,9.9,random,False
-67.6366,60.80783,-383.8,14.0,19.6,random,True
-94.44475,68.41906,-66.8,8.2,16.9,random,False
-87.59652,64.24534,-76.1,7.6,15.8,random,False
-78.94159,55.22651,-141.9,8.4,17.8,random,False
-87.75438,63.86659,-135.2,7.6,15.7,random,False
-54.42333,55.79969,-2934.0,6.3,15.0,random,True
-96.42139,72.69298,-308.8,14.0,19.6,random,True
-78.64675,63.68441,-299.8,7.7,15.9,random,False
-54.68826,56.16181,-3164.0,6.3,15.0,random,True
-92.47909,71.1728,-188.1,5.6,11.4,random,False
-86.26504,61.19224,-219.8,5.1,9.9,random,False
-82.47237,61.97627,-195.6,5.1,8.9,random,False
-80.77163,64.64135,-335.5,8.9,18.4,random,True
-59.29217,56.79623,-144.6,5.1,8.9,random,False
-56.72254,54.93598,-234.9,8.5,17.9,random,False
-69.79718,61.11069,-191.4,10.8,19.6,random,False
-56.52214,54.10007,-124.3,12.2,19.6,random,False
-70.33938,61.40606,-165.8,5.1,8.9,random,False
-59.03274,55.54784,-455.8,6.3,15.0,random,True
-95.95743,72.84522,-302.2,9.1,18.5,random,True
-94.6081,68.53904,-99.9,7.4,13.6,random,False
-92.76839,72.11221,-99.2,11.7,19.6,random,False
-81.01871,62.79473,-207.4,5.1,9.2,random,False
-84.5245,65.70575,-178.8,14.0,19.6,random,False
-94.30199,64.11427,-14.2,8.6,18.0,random,False
-67.40737,61.623,-233.4,5.1,9.3,random,False
-80.26924,57.40381,-65.9,8.2,17.2,random,False
-86.50663,65.06298,-88.8,11.6,19.6,random,False
-59.88516,53.64392,-47.4,5.1,8.9,random,False
-60.72661,58.0044,-154.8,5.2,10.3,random,False
-68.51374,61.77091,-264.5,4.9,8.7,random,False
-78.22397,55.26149,-96.2,7.7,15.9,random,False
-63.22623,64.20052,-232.2,7.6,15.6,random,False
-81.31109,65.08614,-397.5,6.3,15.0,random,True
-96.07273,71.64507,-338.8,6.3,15.0,random,True
-67.06146,63.09786,-83.3,14.0,19.6,random,False
-75.91926,62.64608,-290.0,9.5,19.0,random,False
-94.56005,69.24324,-27.7,5.1,8.9,random,False
-92.83873,59.46971,-65.4,5.1,10.0,random,False
-62.43558,62.0794,-439.5,6.3,15.0,random,True
-96.03567,69.70006,-39.8,5.1,9.9,random,False
-95.58269,69.73436,-10.2,5.1,8.9,random,False
-77.63372,59.88253,-26.6,5.1,8.9,random,False
-85.89579,57.06468,-80.6,5.1,8.9,random,False
-79.47117,55.52386,-71.4,13.6,19.6,random,False
-75.68042,62.59046,-240.0,5.1,8.9,random,False
-84.32546,65.38204,-12.1,14.0,19.6,random,False
-59.52278,60.06544,-2256.0,6.3,15.0,random,True
-77.95904,64.30976,-106.8,14.0,19.6,random,False
-85.73382,62.61576,-114.7,4.9,8.8,random,False
-93.85038,71.88458,-74.3,7.4,13.6,random,False
-100.15503,71.23302,-149.9,5.1,9.9,random,False
-92.13728,72.50497,-217.2,5.1,8.9,random,False
-62.00181,58.70589,-179.2,5.1,8.9,random,False
-98.54764,68.44079,-16.7,4.9,8.8,random,False
-65.08482,60.96962,-729.0,6.3,15.0,random,True
-63.84118,64.52161,-278.2,12.8,19.6,random,True
-90.39813,58.87465,-116.4,5.4,11.0,random,False
-86.33367,65.03689,-79.9,14.0,19.6,random,False
-80.63025,65.76617,-121.8,6.0,13.3,random,False
-98.11663,71.61692,-31.1,4.9,8.0,random,False
-94.00961,60.81587,-27.4,5.1,8.9,random,False
-56.8351,55.72315,-1269.0,6.3,15.0,random,True
-98.65883,71.05493,-156.4,5.5,11.4,random,False
-94.18257,69.42317,-26.8,5.1,9.2,random,False
-80.98583,62.40661,-192.8,5.0,8.9,random,False
-56.42879,53.93051,-62.8,11.8,19.6,random,False
-56.52488,53.93941,-63.6,14.0,19.6,random,False
-96.59434,73.16295,-216.0,8.2,16.9,random,False
-63.35389,63.76775,-183.9,13.1,19.6,random,False
-82.65218,64.98581,-266.8,8.2,16.9,random,False
-78.04278,55.34207,-123.9,8.2,17.5,random,False
-93.20935,61.07747,-85.8,7.6,13.9,random,False
-99.805,70.08788,-124.8,5.0,8.9,random,False
-96.60258,70.29002,-26.7,7.9,16.4,random,False
-86.28975,64.93404,-51.5,6.0,13.2,random,False
-91.9616,59.46063,-112.2,5.1,9.9,random,False
-56.23662,54.07025,-104.6,8.1,16.7,random,False
-79.00913,57.85263,-118.6,7.9,16.4,random,False
-61.97848,63.31714,-264.5,5.9,12.1,random,False
-58.0403,61.83584,-2506.0,6.3,15.0,random,True
-94.61633,64.05541,-26.4,5.0,8.9,random,False
-58.09796,60.39228,-2716.0,6.3,15.0,random,True
-91.3439,58.94845,-94.8,5.0,8.9,random,False
-93.6939,69.50031,-8.4,6.0,12.5,random,False
-98.68766,70.09818,-158.9,6.0,12.4,random,False
-78.92814,64.21129,-231.9,14.0,19.6,random,False
-80.6728,56.41199,-88.3,5.3,10.7,random,False
-96.72474,71.42658,-312.0,8.2,17.3,random,True
-78.24456,62.52523,-35.9,5.1,9.9,random,False
-56.48233,54.44672,-120.9,10.2,19.6,random,False
-93.73783,60.51291,-76.8,7.4,13.6,random,False
-76.55343,62.54931,-321.8,5.1,9.3,random,True
-62.35871,64.895,-284.8,4.9,8.6,random,False
-94.73575,64.13945,-66.3,5.5,11.2,random,False
-80.89929,66.00255,-136.9,5.1,9.6,random,False
-84.58901,61.35867,-200.9,5.0,8.9,random,False
-94.08511,68.4635,-24.6,8.4,17.8,random,False
-78.07023,60.63713,-25.9,7.9,16.4,random,False
-59.42944,53.76675,-126.0,14.0,19.6,random,False
-59.18922,61.60144,-2280.0,6.3,15.0,random,True
-59.52553,53.71555,-127.0,7.6,13.9,random,False
-99.76382,68.69337,-26.3,5.1,9.9,random,False
-80.38491,54.93719,-105.9,5.9,12.1,random,False
-94.43514,69.41738,-21.1,7.6,15.7,random,False
-90.04398,63.59533,-20.7,5.1,8.9,random,False
-62.63049,58.3284,-9.8,14.0,19.6,random,False
-67.41149,59.77478,-89.9,7.7,15.9,random,False
-63.89335,60.22006,-111.3,5.1,8.9,random,False
-92.14553,59.96311,-120.1,4.9,8.6,random,False
-92.6257,72.49051,-114.1,5.8,12.1,random,False
-62.48362,62.83051,-234.1,8.5,17.9,random,False
-86.17444,65.22587,-30.6,7.9,16.2,random,False
-94.2965,64.10646,-12.6,8.8,18.2,random,False
-57.56399,59.80452,-2910.0,6.3,15.0,random,True
-67.53914,60.31615,-109.1,6.0,12.6,random,False
-95.97801,72.98451,-330.5,5.8,12.0,random,True
-84.80452,60.37394,-179.8,5.1,8.9,random,False
-61.18233,59.95072,-247.9,8.2,16.9,random,False
-67.54601,63.40894,-171.0,12.0,19.6,random,False
-81.15461,64.649,-253.2,6.1,13.4,random,False
-72.51368,62.85811,-298.8,7.6,15.7,random,True
-88.35972,61.37184,-175.2,5.1,8.9,random,False
-84.07427,63.14135,-105.1,4.9,8.6,random,False
-93.00985,61.59615,-30.4,5.3,10.8,random,False
-84.92394,60.53387,-180.5,5.1,8.9,random,False
-92.78348,72.29482,-136.1,5.0,8.9,random,False
-72.5933,63.10594,-266.5,4.9,8.5,random,False
-56.11308,55.75719,-2364.0,6.3,15.0,random,True
-74.21853,62.49796,-101.8,5.0,8.9,random,False
-59.31688,56.52509,-119.9,5.1,8.9,random,False
-75.88357,62.66944,-295.0,5.2,10.5,random,False
-100.08091,70.20782,-131.9,5.1,9.9,random,False
-99.4138,68.85903,-27.9,5.1,8.9,random,False
-92.4007,72.65465,-121.6,7.5,13.8,random,False
-78.91003,55.49041,-100.6,9.8,19.2,random,False
-64.0965,62.5303,-30.5,13.4,19.6,random,False
-68.03468,63.35168,-56.1,14.0,19.6,random,False
-91.08035,57.8241,-58.3,6.0,13.3,random,False
-65.10541,60.73335,-514.5,6.3,15.0,random,True
-78.36535,62.44715,-46.7,8.7,18.1,random,False
-69.74639,61.72342,-293.2,7.8,16.0,random,False
-61.64355,62.1379,-459.8,6.3,15.0,random,True
-80.2061,64.56709,-305.5,6.0,12.6,random,True
-70.55901,61.43762,-148.5,4.9,7.8,random,False
-92.4585,58.73158,-68.8,5.1,8.9,random,False
-67.25363,59.48646,-296.5,8.3,17.7,random,False
-55.15359,54.23121,-159.5,5.1,9.9,random,False
-59.66691,55.2137,-42.1,12.0,19.6,random,False
-79.75449,64.41381,-210.4,5.0,8.9,random,False
-97.13792,70.54152,-46.3,5.1,8.9,random,False
-87.52103,60.78235,-192.4,4.9,7.2,random,False
-61.91945,59.0991,-143.5,5.1,9.1,random,False
-65.1411,64.12926,-95.6,14.0,19.6,random,False
-99.09534,71.34763,-7.4,6.0,12.5,random,False
-63.09034,62.90321,-171.0,6.0,12.5,random,False
-59.24688,56.9247,-164.0,13.4,19.6,random,False
-96.74396,73.56151,-199.9,6.0,12.4,random,False
-80.22301,55.36883,-93.1,7.4,13.6,random,False
-63.48155,59.6882,-125.2,5.4,11.1,random,False
-60.07185,57.39419,-165.0,5.4,11.2,random,False
-62.94209,63.42616,-220.6,5.1,8.9,random,False
-67.918,60.16336,-59.9,5.0,8.9,random,False
-69.13693,60.79107,-76.4,8.2,17.1,random,False
-68.03879,61.23592,-421.8,6.3,15.0,random,True
-59.42532,53.80734,-38.2,8.3,17.7,random,False
-69.8164,61.46454,-245.0,12.1,19.6,random,False
-56.53861,55.12815,-148.8,7.6,14.9,random,False
-92.34445,72.16361,-165.2,11.1,19.6,random,False
-76.60422,63.73372,-406.8,6.3,15.0,random,True
-80.49847,57.1147,-77.7,8.2,16.9,random,False
-70.46841,61.30131,-151.1,7.4,13.6,random,False
-75.84651,63.01193,-133.0,12.5,19.6,random,False
-86.57114,62.48336,-117.9,5.5,11.2,random,False
-93.18876,61.23459,-73.6,5.5,11.4,random,False
-81.85878,65.4415,-279.0,14.0,19.6,random,False
-59.40061,58.83414,-1897.0,6.3,15.0,random,True
-95.80369,72.25768,-369.5,5.1,8.9,random,True
-56.75961,58.54276,-3024.0,6.3,15.0,random,True
-94.86067,72.12993,-210.8,14.0,19.6,random,False
-67.83427,63.11464,-42.4,14.0,19.6,random,False
-77.66941,63.88716,-100.6,12.3,19.6,random,False
-74.72504,62.65492,-72.4,14.0,19.6,random,False
-90.53677,57.8899,-47.0,5.0,8.9,random,False
-62.53304,64.29069,-236.8,8.2,17.1,random,False
-92.15103,58.4379,-66.6,5.1,8.9,random,False
-87.94106,62.26927,-129.6,5.0,8.9,random,False
-70.50685,61.19621,-153.9,6.0,13.2,random,False
-98.98552,68.83126,-28.9,6.0,13.1,random,False
-94.67124,64.09626,-47.0,5.1,9.9,random,False
-59.03823,62.62145,-1078.0,6.3,15.0,random,True
-57.44045,57.8709,-2768.0,6.3,15.0,random,True
-63.22898,62.68331,-189.2,5.5,11.4,random,False
-88.99664,65.47062,-256.8,14.0,19.6,random,False
-83.9219,65.58845,-176.5,14.0,19.6,random,False
-92.53263,58.94065,-84.7,4.9,8.5,random,False
-84.51215,65.61399,-91.9,14.0,19.6,random,False
-95.45777,72.28196,-296.5,12.1,19.6,random,False
-58.22424,61.07349,-2770.0,6.3,15.0,random,True
-66.2708,59.59304,-316.2,11.5,19.6,random,True
-79.16699,60.59668,-140.8,5.1,9.8,random,False
-90.90739,61.60994,-128.2,8.0,16.5,random,False
-88.80996,60.62433,-153.6,5.1,8.9,random,False
-60.87897,57.25471,-116.7,5.1,9.5,random,False
-79.68997,65.45407,-85.4,7.6,13.8,random,False
-97.11458,70.29882,-97.4,5.1,9.3,random,False
-60.19401,60.67148,-1888.0,6.3,15.0,random,True
-66.79516,59.64656,-261.5,14.0,19.6,random,True
-95.44817,72.22835,-333.8,11.4,19.6,random,True
-70.78412,61.41132,-176.4,7.8,16.1,random,False
-73.14373,63.05306,-318.2,14.0,19.6,random,True
-78.26515,59.73325,-46.4,7.6,13.8,random,False
-55.50774,56.63635,-2878.0,6.3,15.0,random,True
-68.36137,60.90287,-322.2,14.0,19.6,random,True
-57.35946,55.99309,-980.5,6.3,15.0,random,True
-81.59249,62.84118,-136.9,8.0,16.5,random,False
-97.2093,70.30762,-99.7,5.1,9.9,random,False
-86.06737,62.17641,-149.0,4.9,8.8,random,False
-79.96039,63.75317,-127.0,8.2,17.1,random,False
-61.34705,61.89222,-537.5,6.3,15.0,random,True
-94.43377,69.28071,-30.5,5.1,9.0,random,False
-86.1717,65.16072,-18.9,9.3,18.7,random,False
-59.67377,53.54768,-8.3,5.1,8.9,random,False
-56.46448,53.85682,-73.4,12.6,19.6,random,False
-80.81571,55.17713,-91.9,5.1,8.9,random,False
-72.96529,62.70475,-340.8,5.0,8.9,random,True
-76.13065,64.13106,-88.1,8.4,17.8,random,False
-78.67695,60.68292,-97.2,8.2,16.9,random,False
-85.9054,61.26103,-209.9,5.1,8.9,random,False
-96.68494,73.21858,-252.1,14.0,19.6,random,False
-62.14045,58.32623,-147.6,14.0,19.6,random,False
-69.3291,61.44419,-303.2,8.2,16.9,random,True
-67.86035,61.45666,-313.0,7.2,13.5,random,True
-59.22079,59.18298,-2362.0,6.3,15.0,random,True
-78.05513,62.45922,-51.6,14.0,19.6,random,False
-79.61036,58.08513,-54.8,14.0,19.6,random,False
-60.75543,57.41566,-163.6,10.5,19.6,random,False
-54.96691,53.12427,-195.9,11.0,19.6,random,False
-80.3214,57.39123,-74.3,8.2,16.9,random,False
-57.81793,60.50547,-2750.0,6.3,15.0,random,True
-92.27182,71.65631,-207.6,5.6,11.4,random,False
-61.7163,61.77806,-531.5,6.3,15.0,random,True
-60.24618,57.50953,-153.9,7.4,13.6,random,False
-58.71703,56.56449,-182.2,9.5,19.0,random,False
-91.78315,62.67953,-19.8,5.1,9.3,random,False
-82.72356,65.74303,-170.5,7.6,14.8,random,False
-96.22235,71.54484,-439.8,6.3,15.0,random,True
-57.72596,61.7566,-2578.0,6.3,15.0,random,True
-71.20004,62.50494,-331.2,5.1,9.9,random,True
-99.15985,70.68657,-196.6,5.1,8.9,random,False
-55.57912,56.24971,-2872.0,6.3,15.0,random,True
-83.1889,65.57936,-33.7,8.1,16.8,random,False
-97.2093,70.32429,-97.8,5.5,11.2,random,False
-76.14163,64.30499,-49.0,14.0,19.6,random,False
-92.36653,71.18034,-224.1,5.1,8.9,random,False
-72.45328,63.18478,-223.4,5.3,10.6,random,False
-95.53464,72.11475,-163.4,14.0,19.6,random,False
-57.96618,60.63646,-2754.0,6.3,15.0,random,True
-55.6601,54.35472,-309.0,6.0,12.7,random,True
-77.42919,58.05242,-72.9,7.8,16.1,random,False
-85.23829,60.5555,-173.2,5.0,8.9,random,False
-82.78533,63.57454,-90.1,5.1,9.9,random,False
-96.11528,69.29917,-53.1,14.0,19.6,random,False
-66.78692,63.12086,-20.7,14.0,19.6,random,False
-87.27669,64.16342,-118.7,10.5,19.6,random,False
-78.25279,55.43106,-147.6,7.6,15.7,random,False
-57.86048,57.84239,-2604.0,6.3,15.0,random,True
-67.49796,59.86873,-70.4,8.2,17.3,random,False
-98.17565,71.406,-13.1,5.1,8.9,random,False
-58.98058,61.42119,-2420.0,6.3,15.0,random,True
-93.83254,59.97548,-92.1,5.1,8.9,random,False
-96.49414,70.5557,-43.1,5.1,8.9,random,False
-62.0375,60.0627,-182.4,4.9,8.5,random,False
-91.7255,59.83215,-119.3,5.8,12.1,random,False
-92.77284,71.28204,-81.8,7.5,13.7,random,False
-98.851,69.26612,-13.2,5.1,9.9,random,False
-59.18648,56.54404,-143.8,5.1,9.5,random,False
-95.17775,69.35739,-69.6,8.8,18.2,random,False
-92.1949,61.97795,-49.6,5.1,8.9,random,False
-93.33639,72.17034,-141.0,5.5,11.4,random,False
-96.35962,71.87304,-451.0,6.3,15.0,random,True
-81.10931,63.17672,-175.8,7.1,13.5,random,False
-89.70905,58.83841,-115.2,6.5,13.4,random,False
-60.6017,58.0095,-150.2,5.1,9.5,random,False
-77.99611,58.11708,-49.0,8.2,16.9,random,False
-69.5048,60.1271,-42.6,6.0,12.8,random,False
-97.75699,71.33972,-111.3,6.0,13.1,random,False
-92.61335,61.56935,-80.6,6.4,13.4,random,False
-90.88268,62.74505,-44.8,6.0,12.5,random,False
-60.85564,57.37938,-149.5,8.6,18.0,random,False
-89.5361,65.81464,-104.3,14.0,19.6,random,False
-62.86522,58.74085,-27.0,14.0,19.6,random,False
-57.87558,61.91422,-2534.0,6.3,15.0,random,True
-91.97121,58.49611,-62.8,5.1,9.6,random,False
-91.76393,59.2519,-106.6,5.0,8.8,random,False
-83.08869,63.80236,-53.1,8.2,17.1,random,False
-63.96472,61.09076,-400.8,6.3,15.0,random,True
-66.22962,59.74987,-375.0,10.4,19.6,random,True
-69.16712,60.19001,-97.1,8.2,16.9,random,False
-70.09367,61.6726,-243.4,12.5,19.6,random,False
-80.80183,56.86165,-141.9,5.2,10.2,random,False
-93.99177,68.57271,-38.9,6.0,13.3,random,False
-84.69059,65.9522,-115.8,14.0,19.6,random,False
-62.05672,62.86626,-254.9,5.6,11.6,random,False
-61.6257,59.89149,-198.1,5.1,9.9,random,False
-94.24159,69.39804,-34.1,7.6,15.5,random,False
-78.12514,60.04074,-46.5,6.4,13.4,random,False
-96.29785,71.45982,-428.8,6.3,15.0,random,True
-81.10931,59.25261,-132.5,6.0,13.3,random,False
-77.64608,56.55767,-35.4,5.2,10.5,random,False
-95.22854,72.4907,-61.5,12.5,19.6,random,False
-78.6138,59.40892,-63.8,7.9,16.4,random,False
-85.35222,62.97823,-45.5,5.1,9.6,random,False
-67.55836,62.98323,-32.2,14.0,19.6,random,False
-97.85033,71.26792,-110.4,5.1,8.9,random,False
-65.44681,62.47969,-36.9,7.5,13.7,random,False
-90.45029,62.47701,-106.9,5.1,9.9,random,False
-84.78668,65.53216,-78.9,8.2,16.9,random,False
-60.06361,53.74888,-24.6,5.1,9.4,random,False
-79.8492,64.23639,-283.8,5.1,8.9,random,False
-83.93151,55.78038,-60.4,5.1,8.9,random,False
-94.55593,69.15295,-38.9,8.3,17.7,random,False
-94.11256,68.5491,-60.4,5.2,10.4,random,False
-69.92072,61.83,-300.5,5.1,9.0,random,True
-89.1998,63.12396,-134.1,5.1,8.9,random,False
-65.99697,62.65623,-213.4,10.4,19.6,random,False
-85.8148,57.0826,-82.9,5.1,8.9,random,False
-58.69369,59.10333,-2584.0,6.3,15.0,random,True
-87.54436,64.04879,-106.4,11.9,19.6,random,False
-79.49506,57.68699,-84.0,7.6,14.3,random,False
-86.34053,64.94394,-57.7,7.6,14.8,random,False
-57.51732,60.54671,-2902.0,6.3,15.0,random,True
-67.48973,63.25227,-81.4,14.0,19.6,random,False
-79.62758,55.16693,-114.5,12.6,19.6,random,False
-92.58866,61.97473,-22.2,6.5,13.4,random,False
-75.45256,62.55755,-212.6,5.0,8.9,random,False
-80.36844,54.5694,-84.5,6.0,12.9,random,False
-79.07227,58.35364,-103.8,8.2,17.6,random,False
-92.70146,71.22639,-110.0,7.5,13.7,random,False
-94.42141,69.43331,-17.1,5.1,9.9,random,False
-61.85906,58.15191,-128.5,9.1,18.5,random,False
-96.69455,71.0585,-85.4,6.1,13.4,random,False
-86.42839,61.66738,-204.1,5.0,8.9,random,False
-81.95899,65.18899,-273.8,14.0,19.6,random,True
-86.71665,64.76291,-80.9,5.1,9.8,random,False
-78.21573,60.08189,-52.6,6.0,13.4,random,False
-70.45331,61.20416,-153.8,5.1,9.9,random,False
-86.33916,65.08672,-49.6,5.1,9.9,random,False
-79.20542,57.95339,-89.1,11.1,19.6,random,False
-56.47821,54.55046,-162.9,14.0,19.6,random,False
-91.43724,59.3277,-108.2,5.2,10.2,random,False
-80.15531,65.58788,-102.4,5.3,10.9,random,False
-79.06404,56.67563,-40.0,5.1,9.2,random,False
-57.75204,58.26991,-2760.0,6.3,15.0,random,True
-57.3526,58.71517,-2910.0,6.3,15.0,random,True
-86.81822,62.15588,-129.4,5.1,8.9,random,False
-77.75863,55.39674,-52.0,5.3,10.6,random,False
-94.38572,58.93072,-20.5,6.9,13.5,random,False
-65.22346,64.73595,-81.0,8.2,16.9,random,False
-79.87179,55.17556,-128.2,6.5,13.4,random,False
-92.10023,61.61444,-116.5,7.6,14.1,random,False
-76.83071,62.54551,-306.5,13.2,19.6,random,True
-62.8309,59.21887,-138.9,5.2,10.2,random,False
-93.49624,60.60747,-100.4,5.1,8.9,random,False
-89.33843,65.80112,-86.6,14.0,19.6,random,False
-91.00348,62.76078,-27.6,10.2,19.6,random,False
-71.03258,61.29471,-176.9,8.2,16.9,random,False
-85.24515,62.92449,-58.7,5.1,8.9,random,False
-71.46771,62.99009,-97.4,14.0,19.6,random,False
-85.92599,61.89869,-170.9,5.0,8.9,random,False
-62.13771,62.28461,-395.8,8.2,17.5,random,True
-80.53554,59.20761,-126.5,5.1,8.9,random,False
-92.48046,58.47169,-61.0,5.1,8.9,random,False
-58.71428,55.3983,-605.0,6.3,15.0,random,True
-65.75468,65.01833,-561.0,6.3,15.0,random,True
-56.44801,54.39475,-125.0,11.9,19.6,random,False
-57.19062,61.91552,-2672.0,6.3,15.0,random,True
-80.81281,64.98581,-270.0,14.0,19.6,random,False
-89.76259,65.87312,-15.2,14.0,19.6,random,False
-80.7869,62.20105,-168.5,5.1,9.0,random,False
-68.33392,63.43046,-16.7,5.6,11.6,random,False
-80.06883,63.24114,-211.6,5.0,8.9,random,False
-93.45917,61.38501,-32.7,5.1,8.9,random,False
-100.32113,70.26822,-19.3,9.6,19.1,random,False
-80.2006,57.11022,-32.9,6.0,12.6,random,False
-60.59895,58.00149,-147.2,5.1,9.9,random,False
-92.534,71.72021,-140.9,10.3,19.6,random,False
-96.41178,73.4773,-248.2,4.9,8.1,random,False
-95.82565,71.77488,-167.8,12.3,19.6,random,False
-57.20572,54.99042,-202.9,10.4,19.6,random,False
-84.78531,62.8531,-113.7,5.0,8.9,random,False
-78.2926,55.4178,-154.6,5.1,9.2,random,False
-85.845,56.16334,-70.8,4.9,7.5,random,False
-81.41267,63.06426,-245.2,5.1,9.0,random,False
-69.22066,60.94027,-66.5,14.0,19.6,random,False
-61.28254,56.36939,-14.5,10.0,19.4,random,False
-66.43278,62.83742,-43.6,14.0,19.6,random,False
-98.36096,70.51907,-182.8,5.1,9.9,random,False
-80.36982,54.64417,-99.8,7.4,13.6,random,False
-65.88096,61.38633,-236.2,5.1,8.9,random,False
-80.25277,66.07343,-100.8,5.1,9.0,random,False
-95.14755,68.98358,-50.3,5.2,10.5,random,False
-83.72561,65.27419,-282.8,12.4,19.6,random,False
-93.19919,61.57262,-24.1,5.1,8.9,random,False
-68.10194,61.75791,-238.4,5.1,8.9,random,False
-70.93649,61.26368,-133.1,9.0,18.5,random,False
-100.05483,69.17348,-10.6,4.9,8.7,random,False
-78.53282,61.4606,-110.9,5.1,8.9,random,False
-76.03045,64.02834,-140.9,14.0,19.6,random,False
-78.67969,59.78447,-99.6,5.1,9.9,random,False
-97.50854,70.9628,-85.2,6.0,13.4,random,False
-95.73917,73.69437,-82.1,11.3,19.6,random,False
-70.49724,61.18429,-165.6,6.9,13.5,random,False
-64.51654,64.5606,-378.2,13.4,19.6,random,True
-85.66518,61.10006,-218.0,5.0,8.9,random,False
-61.72591,62.32677,-410.8,6.3,15.0,random,True
-89.29863,65.74134,-80.4,14.0,19.6,random,False
-89.52786,59.81488,-147.2,7.4,13.6,random,False
-95.7529,71.90337,-404.5,6.3,15.0,random,True
-66.81575,63.13825,-29.0,14.0,19.6,random,False
-88.69603,62.56768,-153.0,5.1,8.9,random,False
-83.19164,65.03399,-170.5,10.6,19.6,random,False
-67.52267,60.09354,-96.2,5.1,9.7,random,False
-86.5533,65.07167,-74.2,10.3,19.6,random,False
-91.02956,61.56678,-129.0,5.1,9.9,random,False
-70.42037,62.39625,-321.8,4.9,8.6,random,True
-79.19444,59.58678,-113.2,5.2,10.3,random,False
-78.47379,59.93627,-82.2,5.1,9.5,random,False
-60.8172,58.08368,-245.2,5.7,11.7,random,False
-92.45713,71.44758,-222.9,5.3,10.8,random,False
-89.85181,63.19098,-106.3,5.1,9.9,random,False
-69.22889,61.3277,-306.2,5.0,8.9,random,True
-80.56985,63.29245,-149.4,5.1,8.9,random,False
-57.88931,59.84251,-2866.0,6.3,15.0,random,True
-97.69522,71.42089,-138.6,5.5,11.2,random,False
-57.26063,58.79287,-2972.0,6.3,15.0,random,True
-78.29535,60.84534,-45.3,8.2,17.5,random,False
-83.13811,63.34058,-116.2,4.9,7.5,random,False
-97.38225,70.65791,-74.8,5.1,9.2,random,False
-59.10549,55.82672,-556.5,6.3,15.0,random,True
-86.3776,65.01542,-109.9,14.0,19.6,random,False
-65.42211,61.68944,-21.6,14.0,19.6,random,False
-79.70715,54.96322,-114.0,5.8,11.9,random,False
-78.32005,56.42871,-55.9,8.2,17.5,random,False
-78.18691,62.09934,-11.8,8.1,16.8,random,False
-57.84813,54.83005,-17.5,14.0,19.6,random,False
-76.18968,63.52925,-390.5,8.2,17.5,random,True
-63.83707,60.76423,-386.2,6.3,15.0,random,True
-95.57171,72.13963,-194.6,14.0,19.6,random,False
-67.83152,63.26526,-46.1,14.0,19.6,random,False
-70.38468,61.40146,-164.8,5.1,8.9,random,False
-61.93044,61.47439,-607.0,6.3,15.0,random,True
-71.70381,62.54868,-314.8,5.1,8.9,random,True
-86.97196,60.83932,-203.0,5.1,9.8,random,False
-83.05987,65.0954,-225.8,12.8,19.6,random,False
-57.82617,59.87011,-2856.0,6.3,15.0,random,True
-88.73309,65.3144,-18.1,14.0,19.6,random,False
-92.4736,71.96729,-190.0,6.0,13.3,random,False
-78.99403,56.65298,-35.1,5.1,8.9,random,False
-85.90403,62.99571,-84.0,5.1,9.4,random,False
-78.98991,56.32751,-6.4,7.6,14.5,random,False
-92.29241,71.19541,-237.2,5.1,10.0,random,False
-96.4159,69.97102,-29.3,5.0,8.9,random,False
-78.94324,59.01219,-49.1,8.8,18.2,random,False
-85.03239,63.06115,-35.4,5.1,8.9,random,False
-59.26197,56.41807,-119.3,5.1,8.9,random,False
-77.13544,64.02774,-321.0,5.0,8.9,random,True
-82.16352,65.15725,-204.2,9.6,19.0,random,False
-92.99751,62.06494,-6.8,5.7,11.7,random,False
-82.53276,61.76376,-223.5,8.2,17.0,random,False
-60.30795,62.67133,-1145.0,6.3,15.0,random,True
-100.23328,69.55463,-42.0,5.1,8.9,random,False
-64.53301,64.07164,-271.2,14.0,19.6,random,False
-86.3021,60.96829,-178.0,5.1,9.9,random,False
-96.56277,72.95916,-259.0,14.0,19.6,random,False
-99.05416,71.17147,-121.2,5.1,8.9,random,False
-79.11894,60.68292,-131.0,5.3,10.7,random,False
-56.51802,55.26619,-184.2,7.4,13.6,random,False
-78.30633,61.61712,-75.0,8.1,16.8,random,False
-62.90503,61.68825,-542.5,6.3,15.0,random,True
-70.7704,61.38238,-173.0,5.1,9.9,random,False
-73.62417,62.6284,-159.5,8.9,18.3,random,False
-63.80412,64.48553,-278.0,7.6,15.7,random,False
-60.8927,57.52871,-159.0,12.0,19.6,random,False
-58.57976,58.42495,-2278.0,6.3,15.0,random,True
-78.85128,58.43358,-105.1,8.2,17.4,random,False
-57.99363,56.00078,-368.5,6.6,13.5,random,True
-57.30455,54.67143,-43.8,5.1,8.9,random,False
-90.57246,61.99563,-137.8,5.1,9.9,random,False
-58.4974,61.98724,-2394.0,6.3,15.0,random,True
-89.22039,60.17771,-120.5,5.0,8.9,random,False
-84.74138,60.14352,-168.9,5.0,8.9,random,False
-76.62344,63.56109,-175.9,14.0,19.6,random,False
-58.7788,62.70601,-1309.0,6.3,15.0,random,True
-91.79276,61.49932,-128.9,5.1,8.9,random,False
-58.86253,58.41703,-2116.0,6.3,15.0,random,True
-70.4739,62.52143,-180.5,13.2,19.6,random,False
-77.88629,59.81696,-20.3,7.6,13.9,random,False
-95.79271,72.45842,-372.5,7.6,15.6,random,True
-89.9479,65.80394,-196.2,14.0,19.6,random,False
-92.26221,71.07321,-206.6,5.1,9.7,random,False
-65.42249,65.04269,-380.0,6.3,15.0,random,True
-78.18141,60.62163,-30.5,5.7,11.7,random,False
-79.26445,63.70999,-276.5,13.0,19.6,random,False
-68.12802,63.4667,-99.8,8.2,16.9,random,False
-59.71633,56.86916,-143.2,8.2,16.9,random,False
-78.29672,60.95428,-67.7,7.4,13.6,random,False
-67.28383,59.72147,-78.7,5.1,9.4,random,False
-60.18166,55.72083,-37.0,13.0,19.6,random,False
-92.09337,70.92242,-195.9,5.1,8.9,random,False
-62.29556,59.35433,-135.6,6.0,12.7,random,False
-88.27462,61.3725,-183.1,5.1,8.9,random,False
-59.5269,55.54784,-163.1,14.0,19.6,random,True
-56.22427,56.68318,-2624.0,6.3,15.0,random,True
-93.84215,71.81009,-34.4,5.1,9.9,random,False
-59.27158,53.8714,-100.9,7.8,16.2,random,False
-75.81357,63.43599,-331.2,9.9,19.3,random,True
-88.72211,62.82487,-161.1,5.1,8.9,random,False
-79.05855,63.85569,-296.2,5.1,9.0,random,False
-85.0214,61.43367,-187.6,5.0,8.8,random,False
-80.60554,55.87146,-108.9,8.2,17.4,random,False
-99.10632,69.28946,-46.0,12.8,19.6,random,False
-100.15092,68.58325,-11.4,6.0,12.6,random,False
-61.7918,61.00561,-587.0,6.3,15.0,random,True
-65.84802,59.32419,-24.5,12.5,19.6,random,False
-65.82194,60.25416,-297.8,5.1,9.9,random,False
-90.13595,61.9866,-139.2,5.0,8.8,random,False
-65.347,60.41332,-255.2,5.3,10.9,random,False
-66.22139,59.74849,-379.5,10.5,19.6,random,True
-57.12336,56.85564,-2202.0,6.3,15.0,random,True
-58.98195,55.36785,-253.6,14.0,19.6,random,False
-85.79833,65.92643,-55.6,6.5,13.4,random,False
-79.43878,58.58003,-150.0,11.6,19.6,random,False
-80.87733,59.27017,-87.3,8.2,17.5,random,False
-92.86893,71.888,-112.9,5.1,8.9,random,False
-79.38387,58.99945,-102.2,7.6,15.1,random,False
-92.57792,58.71874,-63.2,5.1,8.9,random,False
-71.0312,61.24385,-120.0,7.5,13.7,random,False
-59.76162,53.69928,-116.8,5.0,8.9,random,False
-82.45452,63.2943,-122.1,5.0,8.8,random,False
-56.69921,57.05421,-2654.0,6.3,15.0,random,True
-99.50576,70.67748,-181.0,5.1,8.9,random,False
-94.90734,68.82679,-22.5,5.1,8.9,random,False
-59.34571,55.48794,-63.1,14.0,19.6,random,False
-84.47371,61.33759,-203.8,5.0,8.9,random,False
-94.7536,64.09866,-33.2,5.1,9.9,random,False
-60.28873,56.98614,-160.1,8.2,17.1,random,False
-72.45328,62.18026,-176.4,9.2,18.6,random,False
-89.25333,65.51793,-174.4,14.0,19.6,random,True
-78.99815,63.31344,-208.2,5.3,10.5,random,False
-79.93078,54.34423,-49.3,5.1,9.9,random,False
-89.20803,62.06846,-151.8,5.0,8.8,random,False
-78.25691,60.0126,-59.3,6.0,13.2,random,False
-57.27985,60.31411,-2846.0,6.3,15.0,random,True
-96.40766,72.83387,-371.0,5.1,9.9,random,True
-84.67687,62.85498,-115.4,4.9,8.4,random,False
-80.87458,59.19917,-177.0,14.0,19.6,random,False
-62.94072,61.42513,-615.5,6.3,15.0,random,True
-99.88325,68.85209,-34.5,8.2,16.9,random,False
-85.77774,56.94419,-74.6,4.9,8.7,random,False
-77.32075,56.29549,-41.6,5.1,8.9,random,False
-90.17439,63.55558,-9.8,5.1,8.9,random,False
-94.67398,68.70884,-32.8,5.1,9.2,random,False
-84.07976,63.14942,-106.2,4.8,7.0,random,False
-86.01247,62.2328,-147.9,5.0,8.8,random,False
-93.85725,68.84614,-9.8,5.1,9.0,random,False
-62.36832,58.09239,-65.8,14.0,19.6,random,False
-87.36317,61.74685,-190.0,5.1,8.9,random,False
-57.53791,60.57711,-2928.0,6.3,15.0,random,True
-73.60632,62.47447,-87.2,8.4,17.8,random,False
-98.2182,70.98565,-136.2,5.5,11.2,random,False
-62.41224,58.60868,-150.9,7.4,13.6,random,False
-75.35784,63.73007,-215.8,5.2,10.5,random,False
-88.95683,65.49913,-204.1,14.0,19.6,random,False
